{
  "project_info": {
    "project_number": "533113652177",
    "project_id": "my-demo-e4c45",
    "storage_bucket": "my-demo-e4c45.appspot.com"
  },
  "client": [
    {
      "client_info": {
        "mobilesdk_app_id": "1:533113652177:android:6794842cd04f3e02d556f0",
        "android_client_info": {
          "package_name": "com.example.demo"
        }
      },
      "oauth_client": [
        {
          "client_id": "533113652177-k9v447evdpiloekuio8mgg9drrd4f7o7.apps.googleusercontent.com",
          "client_type": 3
        }
      ],
      "api_key": [
        {
          "current_key": "AIzaSyA56fYXqG4cHXl1ALsPMZc5jzthEwx-U8c"
        }
      ],
      "services": {
        "appinvite_service": {
          "other_platform_oauth_client": [
            {
              "client_id": "533113652177-k9v447evdpiloekuio8mgg9drrd4f7o7.apps.googleusercontent.com",
              "client_type": 3
            }
          ]
        }
      }
    }
  ],
  "configuration_version": "1"
}